1.6033017507945573,1.282063256585308,1.2758061008470745,1.2795710425124462,1.26969727879506,1.2781524284150796,1.285751152491045,1.285028078062321,1.2761649026994353,1.2753284976735897,1.2775471547962975,1.2720811289112737,1.277416017244322,1.2763875487684229,1.2805136218895918,1.281427511463112,1.2715356855000903,1.270743653560114,1.2779670240328733,1.2698539833173785,1.2765828966063713
-0.49138917339339544,-0.41532818326215853,-0.42162410973169995,-0.42025369662592144,-0.3928616203425628,-0.40707599861722116,-0.42149549099283645,-0.4213885729849918,-0.3989798821288192,-0.4000155690627222,-0.42474023616412987,-0.38758159478100396,-0.4131234282076783,-0.4125010574619147,-0.3937449026685376,-0.399684008948232,-0.40996634387950415,-0.39765094922455063,-0.4180872002402104,-0.38242739954869853,-0.3959316203768155
-0.06218556367492628,-0.04102394901350196,-0.039887452759347686,-0.05243991338608694,-0.053267694578946354,-0.03842099214769125,-0.06820904220777503,-0.05207358419612597,-0.06939251659658009,-0.04221000313648954,-0.058960300964854044,-0.05155522166903447,-0.07135292088866396,-0.050710458244868556,-0.05596899280790682,-0.04321495473813656,-0.07202988116344108,-0.07035029902356867,-0.07207211451339096,-0.06073361229546707,-0.04269853565496652
-0.09333637117332029,-0.0691072477737144,-0.06844272807141778,-0.08848868052646636,-0.06318317676421432,-0.07488461033683998,-0.0875841141151868,-0.0803495255811705,-0.08521318752138679,-0.0918345698521532,-0.09547669862048325,-0.0637078603806956,-0.0899984630115868,-0.06122468274950556,-0.07180839113365366,-0.09972288605832028,-0.09630839863928,-0.0851867350090753,-0.07995659046019107,-0.08450341625187495,-0.08680537450699821
-0.22414300553710345,-0.18433975358233634,-0.20072627840666116,-0.18330647029723726,-0.18432936987409415,-0.20005710330357995,-0.17343613228271298,-0.17698632766529415,-0.18791455044474767,-0.16816753642991586,-0.16811386187176222,-0.1839544928185535,-0.185718152562473,-0.19908481030060965,-0.20061424674339293,-0.1797306429032774,-0.17893142442569224,-0.2004122628771731,-0.20036163676634372,-0.19462581880775603,-0.1957150847514696
-0.5330471048318208,-0.42391236898626034,-0.4212341814829847,-0.4318062246670517,-0.44647556843596975,-0.43005679586292755,-0.4295443358829233,-0.4336191876490503,-0.42473630434511594,-0.44680187267084015,-0.44568645421796,-0.4279378774556516,-0.4265665770134455,-0.4518652440820474,-0.4574913454084504,-0.4473624301139731,-0.41776233122179857,-0.42589902600976376,-0.4241363955100159,-0.4178509371192997,-0.42716859347501723
-0.14237485724439236,-0.13227134185566453,-0.10878336997503053,-0.12363073516477353,-0.10594392167659791,-0.10423686760432381,-0.11725247987129385,-0.10315486501551337,-0.12845347906037458,-0.11405071049222103,-0.12741073897937863,-0.1144417322617805,-0.12199265660035065,-0.12447642065592343,-0.11227832050882507,-0.13571288331369621,-0.12939655129522443,-0.12010325898466535,-0.1266712423272981,-0.09752806258892767,-0.13388013974192284
-0.2786128457487216,-0.21855081709101434,-0.22694598265371665,-0.20879453636597206,-0.21571325009600947,-0.2131253094003469,-0.2421949812407266,-0.22144785148047053,-0.2260085521597122,-0.2183856744375695,-0.24519243978716704,-0.230004174905116,-0.2316989848636311,-0.21036163155226448,-0.24130675220845038,-0.23408721769978674,-0.2459916602459549,-0.23588388257432077,-0.22085599462742964,-0.2333260369600096,-0.21419853159614294
-0.31266088065456665,-0.25811238739468567,-0.24052735937301092,-0.23838203292851656,-0.24856769932531436,-0.25733775350939575,-0.2496994904184414,-0.24881767347019798,-0.256935400285182,-0.25890463497065547,-0.2579821859122168,-0.2765199716916487,-0.23500992256543923,-0.24557601296637163,-0.27619843509545744,-0.26776032351033663,-0.2667141299023656,-0.2580056145968411,-0.2728744142632789,-0.2736438674996987,-0.2706026471526056
-0.08929430688532956,-0.09568253123688181,-0.08205735249697996,-0.05848844246681585,-0.07210717020520557,-0.08975697684975216,-0.07828591156475516,-0.09112250325800508,-0.08797677630175164,-0.08124627542923028,-0.06311523275744967,-0.09403348778598157,-0.0889378820869015,-0.08121471229835872,-0.06229169293622275,-0.0754258456279021,-0.07796460978963617,-0.05968988716619955,-0.0732922706299278,-0.07364265181478727,-0.05928515446235379
-0.5832594851798821,-0.495171986248688,-0.4909853613619928,-0.4952178277529388,-0.47415119070518935,-0.465721402364315,-0.4623083139941024,-0.47984677513139684,-0.4766479049923719,-0.4885219152043952,-0.48116115430993917,-0.491482333537707,-0.47540310472475167,-0.488667613617365,-0.4980681485349395,-0.5003071877982908,-0.4789817408287551,-0.47401115119340825,-0.48397694769184985,-0.46961405467832207,-0.4651769418093059
-0.044092473255540235,-0.029528541182003556,-0.060318330591614316,-0.03303533231089108,-0.04312188017601927,-0.045060717933164074,-0.04335999612354442,-0.02828117791422633,-0.0488013089718224,-0.04054667002602819,-0.05068727662912827,-0.04940747314899809,-0.027140530591575805,-0.051665768711051156,-0.028403029573647803,-0.03463983759390448,-0.02501795516765572,-0.05047148394165772,-0.0582970388241345,-0.03983079215024869,-0.027798681809508598
-0.18471310927474371,-0.16102526550685725,-0.16952128538217834,-0.15068107952850088,-0.15213298742945225,-0.1318335319190913,-0.142768403234691,-0.15817867659226081,-0.15056262447357407,-0.15780633723109128,-0.1446727701901143,-0.1603267580248408,-0.14209032970766514,-0.1487066753719688,-0.1709520007684697,-0.16475511497073306,-0.16846698111188305,-0.14573892166036986,-0.14062827787493834,-0.15433645750176828,-0.13904629599971707
-0.698567651596843,-0.5744377384017404,-0.5841425103548465,-0.5741944278933498,-0.5590758204404117,-0.5834571329849245,-0.571089289597982,-0.5896017894298704,-0.5879517095908101,-0.562941886645468,-0.5774445561779467,-0.5545086741003826,-0.5521940522881013,-0.5777182320469261,-0.5942851807628345,-0.5725290415533748,-0.5509371290061024,-0.5785101187544723,-0.5553892615680868,-0.5677165359252192,-0.5798225075410093
-0.133635954028726,-0.09660725082508188,-0.10752223963555542,-0.10560871288410523,-0.10687418295521392,-0.0911172247687686,-0.10054356689700014,-0.10776139032755469,-0.120351022430445,-0.1013622743245503,-0.09849052236990657,-0.12089841574380648,-0.12685610654187393,-0.11921833639385394,-0.10262129901228248,-0.12214919205039423,-0.09990897304961618,-0.1000154745364713,-0.11690619238396356,-0.1273051177414392,-0.10250479557537247
-0.1541896654776186,-0.14684040761723968,-0.14581421732625094,-0.1353773731791846,-0.11432955958474952,-0.13502595535587839,-0.1445602447424224,-0.12104677621842264,-0.11366530269838894,-0.13054239678714377,-0.13715104780355644,-0.12583276234058335,-0.1326533383080785,-0.12306952381288326,-0.13097670277488757,-0.13373591844229932,-0.14068190549499304,-0.14545235686301466,-0.13461913287599428,-0.11937631286085044,-0.12760893050713432
-0.039030843692588656,-0.022041805807982436,-0.04472858989999414,-0.05216425406619418,-0.041920881577014193,-0.04893345483020775,-0.05113510252998085,-0.03740409979056045,-0.022263723602340586,-0.03777283084591731,-0.03458240609226133,-0.056757147328265194,-0.017777110768232032,-0.027083301987248076,-0.0498205045016315,-0.03626044511991315,-0.030309744059757053,-0.04458938595987103,-0.020244034917280575,-0.03920150854673146,-0.04634051363472736
-0.3858383593840915,-0.3057301044893854,-0.32486724622809576,-0.33409357768676773,-0.32532246347226884,-0.3192432700253446,-0.3211167182750216,-0.3326917894253494,-0.3335421986225159,-0.3125539058298808,-0.3319767803621529,-0.3353149756519223,-0.3330460734059853,-0.3293701415336214,-0.3181981610002122,-0.33047494482215034,-0.30699188380217585,-0.3033580851111584,-0.3037930917896282,-0.29793004015860586,-0.31997909744918834
-0.47869293787745204,-0.3880204338412253,-0.3996243668386101,-0.4100067241422608,-0.4156104714813199,-0.4119869431972579,-0.39085715320748016,-0.40504721152333895,-0.4112717975470148,-0.3886333034315375,-0.39400495803513386,-0.3801160883463663,-0.39354029980031724,-0.3838687901365377,-0.3802267825363777,-0.3780936213955626,-0.37744223976495267,-0.3953570632885932,-0.4093864563622538,-0.37439467040265967,-0.387833274115152
-0.5528651286380274,-0.46027167121106,-0.4552419552067943,-0.44935150046286837,-0.43820181919499224,-0.44363120632711517,-0.4669945361137617,-0.4372909393136223,-0.4374624048969642,-0.47210098543979256,-0.46976238295443906,-0.4461422433704816,-0.44450191470028694,-0.46119702262762713,-0.44866926101093885,-0.456134049380939,-0.437266745048002,-0.4522866982404868,-0.4411805252885324,-0.45390535143362126,-0.44174964579609177
-0.4010878027717219,-0.3510000277076028,-0.340843550239506,-0.3096066090273829,-0.311899865087194,-0.30905191495340106,-0.33164047670941577,-0.3205898936272587,-0.3092546500617856,-0.3237373674801287,-0.3400606177147102,-0.3193309425653908,-0.3195708633588112,-0.3400881479108349,-0.33622287188838423,-0.3308145124355203,-0.3393691928859684,-0.3312470511842312,-0.3270986251489724,-0.3317207737415982,-0.3438795588764571
-0.15404304049336837,-0.11248411740993317,-0.12533250622434117,-0.1263051052172081,-0.11308487944228707,-0.1307741730658951,-0.11543783124797197,-0.10665580956740216,-0.13385322347784323,-0.1381677108623332,-0.12835003830907044,-0.14366565120999827,-0.116936897688562,-0.13824601269849726,-0.11582338249954052,-0.12225610471993703,-0.10794952854421265,-0.11102382127785543,-0.10671055707306117,-0.11600427427265878,-0.134755413265889
-0.07097535809040374,-0.07445379129978102,-0.07731998947696961,-0.06661743248093036,-0.07112491089131895,-0.07993748785697566,-0.050592182050490694,-0.07495200524143332,-0.07579196005410271,-0.04916307283415034,-0.07684279393723158,-0.04221064250116231,-0.07966932551861641,-0.07208738596884033,-0.06802062767667653,-0.0673535106821431,-0.07372328957697541,-0.04889305635581844,-0.06596050058098052,-0.06427886330887556,-0.06311505457295442
-0.4045970315021482,-0.35073905094918484,-0.3281884733946123,-0.3450690549052054,-0.34096707851120805,-0.3514990864912528,-0.350823117458853,-0.3504024583811342,-0.3450026898631762,-0.32055971625780066,-0.3261198985280787,-0.33338132229052747,-0.3258218263653751,-0.3410156549959306,-0.3305709958674253,-0.31789086932538974,-0.311715246930501,-0.3262484591311191,-0.32660561625247775,-0.3283283031969576,-0.33423307738786495
-0.1334848291016253,-0.12057922958027396,-0.12161757670231282,-0.10628599240101844,-0.12405027281933578,-0.12357453694086662,-0.12757882564149906,-0.11816917366536261,-0.1114422528624944,-0.11408429229271301,-0.12762894096785302,-0.09421664106663508,-0.11105033032774436,-0.12740613867186298,-0.11404882613623098,-0.11746470170363155,-0.11375795232559306,-0.10098077957103982,-0.09184957468996754,-0.11639957113607348,-0.11930296181956615
-0.42312154458560974,-0.36046883281339653,-0.33644384894224233,-0.35137822962570014,-0.3341868967479814,-0.36574410270433266,-0.33560737753079306,-0.33771112428706845,-0.3451783322085023,-0.33678932829788943,-0.36444750978540585,-0.359224159652482,-0.35866091257371097,-0.33153044180635494,-0.33556471226337076,-0.36422857468520264,-0.33542615083665733,-0.3386189615587611,-0.34773171580166595,-0.3573863489337579,-0.3529160053223998
-0.8471682579105199,-0.7008205697622762,-0.6916454585571993,-0.6897173023723688,-0.6890706827521114,-0.6932832450954538,-0.6957804279911748,-0.6985364308589269,-0.690509659742778,-0.6975083638840224,-0.6965864243232242,-0.6891491326727823,-0.6866340889042388,-0.6783045610375736,-0.6894484920917276,-0.7137904927627675,-0.708708199860599,-0.6912328776187262,-0.6989727712896076,-0.6725602752321718,-0.7046836851468167
-0.3093555971143791,-0.24401903985569157,-0.2662217733349671,-0.2370612036192881,-0.27094455396565414,-0.25715578759067437,-0.25466341374737256,-0.2730996969257832,-0.23877826546986067,-0.2520031150882139,-0.23615483839984336,-0.23603858702996025,-0.25106860586884094,-0.27185560835436984,-0.24161497870126813,-0.26197015080570485,-0.23990035034201423,-0.24114247792329638,-0.246886497300926,-0.2381793163623986,-0.26125560831779737
-0.24247769849501635,-0.2050642180389368,-0.20388677624392373,-0.1812953602066904,-0.2108468449233865,-0.1925685371808219,-0.1823654507982467,-0.19179138258470724,-0.21089001459863546,-0.19294407206197944,-0.1963780266987089,-0.19840485135436128,-0.2164191013425045,-0.2061004396501053,-0.20984762104009483,-0.20315226734582403,-0.21544001481231748,-0.17815605057122608,-0.2121260542789744,-0.2090946978988455,-0.20405138941721562
-0.14887197482052691,-0.1199400528920728,-0.11827914133811765,-0.1301300297879758,-0.11697373678403078,-0.14129116888940796,-0.13631084407195712,-0.13156850357634806,-0.13882277608011792,-0.13592488637725983,-0.11741810854147597,-0.12434798542162469,-0.12080299755203028,-0.11518400162561337,-0.11841492532334125,-0.11628212499420848,-0.11566824344811238,-0.1256690834929104,-0.10346900837991659,-0.1145725524725084,-0.10676412585352732
-0.3431554213439116,-0.27142432941045297,-0.26862904919266445,-0.28435079027346744,-0.28099058679189715,-0.2762379006446443,-0.27305917517216677,-0.27174881805701745,-0.2866869648273338,-0.3003325604168057,-0.30105087326593183,-0.28611830104025926,-0.29415399201447257,-0.269920051409678,-0.27965720518508463,-0.26774200459931047,-0.27712727045093916,-0.28210939394321133,-0.27926515704402566,-0.27695486729056656,-0.2902117890303102
-0.23753235649767263,-0.2051653785273704,-0.18306685690693708,-0.1894563632078653,-0.18022881178278877,-0.21143406743219997,-0.18118481336473036,-0.19205266778493793,-0.1821560033847545,-0.2064411140016728,-0.20088622484303248,-0.1967361450457148,-0.18104852691700082,-0.19821858054720487,-0.20556348303614735,-0.18352215125771668,-0.1783492142579526,-0.20625892124889278,-0.18641052860776622,-0.18656079841536166,-0.20405412583680058
-0.12303982947238223,-0.09351782852706778,-0.08397404910445476,-0.102875565994988,-0.09375130113276006,-0.09722979627860764,-0.12013451700479928,-0.10630317526652282,-0.11512358142958723,-0.08789359738626103,-0.09080357516866298,-0.09537301626731122,-0.09538326648049476,-0.09117422339206593,-0.0864428355192689,-0.09582610437985385,-0.11647393080096113,-0.1177888058009889,-0.09011091547850615,-0.10644524839392572,-0.09043472616653074
-0.4530486087936571,-0.38248351738093034,-0.36321014025530723,-0.3766548821759911,-0.38604427680524966,-0.3803216953272756,-0.3827615985391706,-0.3716782032702833,-0.38819439919226867,-0.36019467500965646,-0.36855833001937766,-0.36662474907422343,-0.35705589103636315,-0.3839363019264611,-0.37386618733480836,-0.3732251584371238,-0.3553556193406211,-0.36235962212919653,-0.38803803721840413,-0.3560009753441293,-0.353842022111895
-0.14684233141734548,-0.11667938713722209,-0.10359913668852445,-0.13825592673982645,-0.13170783960119614,-0.11720129282254006,-0.13224028801113233,-0.11887004102426568,-0.11006246570291524,-0.10295478004203444,-0.10843223405063554,-0.1301453099949233,-0.109622590365954,-0.13967335670853784,-0.12465210553640015,-0.10321723051304815,-0.1294742937667887,-0.12194393949641263,-0.12421784937108454,-0.13873195697164298,-0.13131164793000705
-0.1704652927723747,-0.14492021832968163,-0.14512052330728986,-0.1544029771781073,-0.12628155459708598,-0.12684677621647308,-0.12178364751894709,-0.14289343507855554,-0.13036909592582835,-0.13744476149226872,-0.14767489362112024,-0.1340772042289311,-0.1428962146522539,-0.1226794837474847,-0.13649230347468036,-0.13717635297322234,-0.1584485952484232,-0.1473984054959635,-0.12185073020645526,-0.14327054796967076,-0.12820786187837035
-0.13157101658688314,-0.10222471188871227,-0.11758799915603373,-0.09197554376297912,-0.11734033313815805,-0.1272591922943064,-0.10254258350455868,-0.10882059546286013,-0.12592839831644476,-0.10781828014844183,-0.09130420354129126,-0.11894697622207479,-0.11141076687309397,-0.10039937282983309,-0.10397671145497962,-0.09782953692089368,-0.11757165792212115,-0.12448778314766004,-0.0982048371307391,-0.10412197290218603,-0.09412263155898522
-0.25340496885777597,-0.22138585840541333,-0.22277081765175138,-0.19400011206053863,-0.22148754829953315,-0.20063269812202883,-0.21184640826441933,-0.22025267654241218,-0.19174219070616874,-0.2070012697493281,-0.19625009649668432,-0.22597850942787842,-0.22198780224246206,-0.2216924171597028,-0.2258384904227221,-0.21826103862653548,-0.20885115733025778,-0.22422401634003233,-0.20307051263213155,-0.21167304117278835,-0.20375948157249935
-0.31717051030679405,-0.25083951766435547,-0.2650728603353156,-0.26255091048464796,-0.2796842921580425,-0.2635247850672028,-0.2740134306303037,-0.26381079142579067,-0.2667871358691493,-0.27328306004475666,-0.25397080304730146,-0.2678615352884755,-0.24447621643537457,-0.24832945887974933,-0.2718086630599007,-0.2794318880205038,-0.23790151292739106,-0.24980723446725905,-0.24521614387359036,-0.26287434505858825,-0.27053805196151975
-0.03317671865619186,-0.03813712151701879,-0.032094497566727165,-0.02970791134436643,-0.022672914717640946,-0.029098600331499275,-0.028437818317760887,-0.05249963016758146,-0.05089238430314062,-0.053041366375884476,-0.0176496827357299,-0.0223029061237129,-0.04998800105617941,-0.03606485577734805,-0.03733028554218257,-0.02204952475586388,-0.025050225599643965,-0.045519109973531084,-0.023596954608331264,-0.034222597835697324,-0.021167086630681092
-0.17358099711183883,-0.1385861080535238,-0.16146225614946802,-0.12403979552475577,-0.15205456560717498,-0.12277732443386712,-0.16223119703735997,-0.1558330905415492,-0.12288693471794894,-0.1286374142078918,-0.12876002483367077,-0.16165213143835555,-0.15198962445769015,-0.1254197889544075,-0.14282664429941305,-0.13934947920957044,-0.14130657773809477,-0.1526067979281972,-0.13228560902116934,-0.1228939093117065,-0.1252404691476423
-0.6920780055179481,-0.5589691611929134,-0.5691053624650713,-0.5646572585083997,-0.5614635050925774,-0.5729253361185789,-0.5802735561460244,-0.5623892626973531,-0.5787942729900607,-0.553723450576215,-0.551263466206421,-0.5493896532105416,-0.5744902071161049,-0.5763102564073512,-0.5664381403580638,-0.5622663902892125,-0.5507871294676506,-0.5608955213348903,-0.5815085163068724,-0.5471377002916262,-0.5844149823895898
-0.16149652936609057,-0.1430168190905585,-0.13985586612181644,-0.1429112888287434,-0.14845825190932813,-0.12574440911721335,-0.12741718001758423,-0.15075238286344483,-0.14343244001964725,-0.11809347097165611,-0.13500409520629486,-0.14545215929515393,-0.1189061714042462,-0.1219544226972648,-0.1284050318344704,-0.1308350191729581,-0.13893325534273387,-0.14765562983874067,-0.1343427146761156,-0.11363095132296219,-0.13953520755804824
-0.11602147541311403,-0.10588463253665177,-0.11402126416480507,-0.10765100060136559,-0.106412734475016,-0.09688532207156138,-0.10298664687197033,-0.09164288059369606,-0.10039766223433262,-0.08216583060253009,-0.1022355388913535,-0.09735271245297829,-0.09942967848596199,-0.09327839034831159,-0.11613247894736044,-0.08948358883434152,-0.11195766145018601,-0.11601208021033271,-0.08628238262476316,-0.08308541306291678,-0.09595974483105628
-0.021861879781502388,-0.012572138733146956,-0.027338387241699846,-0.013649271749153223,-0.02281396841110525,-0.009752465046034038,-0.036438919459572915,-0.02198014705641018,-0.03126594498911153,-0.02472904334407971,-0.024709916882883435,-0.023509575483910493,-0.025053194287857537,-0.029495153214936353,-0.02496769652642397,-0.034816135575101846,-0.0377786634131092,-0.010858547200643796,-0.017502973248437022,-0.020116004710263664,-0.012433385963430094
-0.046942988266661566,-0.0436552499418464,-0.05066104118006336,-0.048763828787744164,-0.0348479207102572,-0.033048621994889366,-0.051423740483212244,-0.04988919440316056,-0.025775609924883484,-0.03982763553170771,-0.04313942376676404,-0.026272059886282683,-0.04787416053668884,-0.02743609418692932,-0.05458249014496255,-0.06537236433679995,-0.03714990418207874,-0.06304271106521098,-0.043594627540577156,-0.05138688681138033,-0.06036945737970247
-0.2278154545487105,-0.2005079062166214,-0.2048274442347339,-0.1986981280347456,-0.20620509704256446,-0.17246928477628354,-0.16929325497487557,-0.206261797058799,-0.19285192269509363,-0.2034416820403357,-0.18128133279567946,-0.17169151590053405,-0.19710720851486419,-0.19468772722962374,-0.1785801391332342,-0.173941522161515,-0.1995107833280039,-0.17553789882329704,-0.1778020068353488,-0.16584675042494285,-0.20835374104905854
-0.12676794286273946,-0.09367005015659323,-0.11264731189225353,-0.09192416351455925,-0.09053612417447214,-0.11810772449591274,-0.09105746467170553,-0.09084044356260104,-0.10288736872872159,-0.1226279820897783,-0.12348671798798308,-0.09509880563199159,-0.10936563228031773,-0.12347412407898586,-0.10419016454409788,-0.08999317579233403,-0.11260197019953674,-0.10022502886301597,-0.09295291400226062,-0.12001632146750327,-0.1244800519042186
-0.3031778670555806,-0.24313266110826626,-0.25879988225801986,-0.2533148987105078,-0.24157626905980317,-0.24339658121983454,-0.24201303014654635,-0.23783978760092653,-0.25231383369432714,-0.23016976918741383,-0.2693776295409733,-0.24257284572844548,-0.2657957460992744,-0.250929966670523,-0.23452339043309678,-0.2445308338575522,-0.26229341403921497,-0.2641430550369538,-0.25749805330439207,-0.2533324908058181,-0.24921097653149404
-0.08920206302299352,-0.05911779909068903,-0.08855725018497176,-0.07966711557474107,-0.07054577167371416,-0.070822398931185,-0.07575037085153623,-0.09228337512779715,-0.09047270618005264,-0.07018734924900369,-0.0627181980665234,-0.08036617841597353,-0.0816360670639286,-0.09072795051915772,-0.057108583613339044,-0.06713692690874198,-0.05662931427877219,-0.08093932820409479,-0.06084830935346015,-0.08005139001211367,-0.05985269843214543
-0.8427784323176687,-0.7117744721749031,-0.6856115185280385,-0.6968217585239314,-0.6771906937196754,-0.7059949529658609,-0.7083249295851031,-0.6948560434374523,-0.6726516270091826,-0.7079984942326516,-0.7020600555323346,-0.6869882561515119,-0.6689845643085526,-0.6709058932636102,-0.6976060451432767,-0.71221196372198,-0.6733121601170771,-0.6740092296369217,-0.6736682924526858,-0.6850087907038176,-0.6869431431751613
-0.11695093716130421,-0.09772483297861329,-0.10205675626911588,-0.11113036402392736,-0.09245401065049855,-0.08350049331901852,-0.09181575150563855,-0.11541745122671243,-0.08477758107503712,-0.08948656575491286,-0.09414514737130346,-0.09384536220703549,-0.11521026889090427,-0.11440837958049836,-0.0936645299532484,-0.0914004374641471,-0.07756551049989516,-0.10004854173492533,-0.10121593505723799,-0.0845835263635784,-0.09882344581403489
-0.06736576005740973,-0.07934855779957511,-0.06820862494581761,-0.07760958176650026,-0.05458563405201263,-0.0426245066978367,-0.07397209079528928,-0.057017897571088605,-0.05961769325766341,-0.05029159186957034,-0.0779442221995841,-0.0459075603791687,-0.05791404076415836,-0.0719522559111857,-0.07268226878492444,-0.04563854673307249,-0.07047435905950415,-0.053783444223176574,-0.04791400158643206,-0.05278208767315816,-0.06290721009550518
-0.14011593777556,-0.13705533081705987,-0.09941561713154952,-0.13007170306937518,-0.12170957937970799,-0.12135225013545534,-0.11116933113344728,-0.12215680874206271,-0.10378473046002341,-0.10803238369605116,-0.13327627441949128,-0.09986242443656883,-0.09959170300854203,-0.09725528094187168,-0.09880391007923021,-0.09790599376268354,-0.09678082844761139,-0.09976686974679641,-0.12729166003386946,-0.1325191281899283,-0.11344722489746827
-0.07127528694156157,-0.07132556717665806,-0.051635191304977526,-0.06296792884250488,-0.08180034074219156,-0.07353782382776952,-0.05010171568446781,-0.06013190493594201,-0.05975319633162868,-0.0786309489102568,-0.04451975471934844,-0.05700468559668757,-0.07718635616832942,-0.04297816265287764,-0.07062910683615002,-0.0595544238248821,-0.07493390149046329,-0.0446670790244212,-0.0670637743117629,-0.06599812041043254,-0.07246599425644568
-0.17645291824656975,-0.14435995935142268,-0.1607497086222735,-0.14752421285500752,-0.16395944206290905,-0.1325003726135537,-0.13949092673560434,-0.13381186125271533,-0.1326788750175864,-0.14102788486032228,-0.1516772311341587,-0.1386490319434592,-0.1580692799143751,-0.13921854235259357,-0.15935940898983514,-0.13265289134489025,-0.1307030570033282,-0.16076711113290085,-0.14218667697177423,-0.15106349574381475,-0.14362732467324543
-0.7566000731208026,-0.6388539291215521,-0.6146838831600929,-0.636643370275225,-0.6310332187607703,-0.6112701071313289,-0.618621854416383,-0.6406411909426679,-0.6020938440605789,-0.6224357312137496,-0.6209723617577408,-0.6182718584859762,-0.634943259588209,-0.6096456246682496,-0.606715731092743,-0.642525938243781,-0.610548010282154,-0.607232813386141,-0.6096669400586909,-0.6245959933015676,-0.6291479819336134
-0.2304502395849249,-0.17681222743243805,-0.1986223365984604,-0.18464998848071562,-0.20020980522697188,-0.17105532755624833,-0.18894420875856197,-0.18221862266683167,-0.18035477248491477,-0.17407168137221982,-0.19239725784387454,-0.1953240574697212,-0.17116630725797835,-0.1953678524270075,-0.17862245714825287,-0.18698961346273602,-0.1892304003680619,-0.19754523632317197,-0.19866805682166602,-0.1781475502087921,-0.19364007139075726
-0.07744162887069697,-0.07257507549440305,-0.08001420547871307,-0.0574956609243752,-0.082752856561383,-0.07127083812711986,-0.05630198894986236,-0.051419475464625664,-0.056844011997761054,-0.0635457232393294,-0.0693973981372669,-0.07280611343044156,-0.06698028388285879,-0.05021401378835185,-0.07858436780768403,-0.05412178837537181,-0.07125375057868585,-0.06532538641615548,-0.08571504469450507,-0.06890831433619239,-0.0720444096754586
-0.5677498013942304,-0.48796434977898,-0.45621094195786477,-0.46266970300405447,-0.4642408905975818,-0.48088704891357775,-0.4725785595436989,-0.46493250422488247,-0.45113211181440094,-0.4510153543826222,-0.4872037898115739,-0.4598699352309696,-0.465803864600405,-0.4734033823019426,-0.47928364507850685,-0.469758791071765,-0.4720202737103573,-0.4449206979250035,-0.44969433715928897,-0.45320743346095677,-0.48702513291275196
-0.0899077273031338,-0.0919982592330749,-0.08007157633222346,-0.07769156364236386,-0.0773802331001026,-0.05815355911955462,-0.07108318976341735,-0.0592943040910422,-0.09224037205567717,-0.06757500752728754,-0.06857195362844008,-0.06061096980087345,-0.07604446443390955,-0.061658445817726164,-0.08103811471242843,-0.0899947548523035,-0.05777049209691347,-0.07688156363153881,-0.0846172618639447,-0.06643721892370447,-0.0691658396839073
-0.1017067156717973,-0.07578468595193016,-0.06879340843029073,-0.09714126062800409,-0.08492424954790301,-0.08070702784580969,-0.08704998313482638,-0.07284098269355785,-0.08140161166417095,-0.08801226477647008,-0.0757621061876834,-0.08986698723098174,-0.10084220252376294,-0.0798482886783245,-0.07336579598266264,-0.0919940127209458,-0.10250861328700109,-0.07699988537264839,-0.06471930340693792,-0.07799602510830607,-0.0790098543661972
-0.6616794334992758,-0.5651496557172272,-0.5317728556429551,-0.5590512929623273,-0.5302922349918473,-0.5448830558849518,-0.5651445683380011,-0.5488732029295941,-0.5373032882535229,-0.5595346979722315,-0.5321564361106441,-0.5502784973977222,-0.5279600457714783,-0.5556717051074126,-0.5524220816824699,-0.5512406595930336,-0.5284757827946674,-0.5327670757559828,-0.5261669048167222,-0.5513666591754735,-0.5307655113282718
-0.39009548486714374,-0.30477629306979104,-0.3017070563434528,-0.30539565929533047,-0.3090783431019853,-0.3278283243506155,-0.3327008105454995,-0.331170010811051,-0.31146275957366687,-0.3224803983818552,-0.30727763009312714,-0.3386330633135998,-0.31240800151774784,-0.32081403917062834,-0.31036993988851663,-0.33139095134722674,-0.3161935779548537,-0.3158582576319154,-0.3304120434742521,-0.31617811869486234,-0.30921601286437533
-0.28586646906192087,-0.2207253134120219,-0.22671594569798662,-0.22547778171338648,-0.23186202111176424,-0.249042365696485,-0.24319596099191446,-0.23918108571207647,-0.2268520119352354,-0.24837749654002073,-0.24946840027333517,-0.22592059839833098,-0.2199403019655956,-0.24082139243737294,-0.2208486764621594,-0.23780936944765454,-0.2220775988299709,-0.23687842587351213,-0.22537817375438432,-0.24548152395646913,-0.2383657197593778
-0.05329972859195937,-0.056937080280941,-0.03975856045137965,-0.03890645854050271,-0.05526542364152565,-0.04441768673633115,-0.05575493135515485,-0.06443144109757314,-0.032751228684030985,-0.041102915725474004,-0.05860368937885972,-0.030335464929909642,-0.044510147174008634,-0.04041942153597136,-0.045124398807341815,-0.06016152486455217,-0.039569803523505025,-0.04868257358700131,-0.06125080916202603,-0.0428176995229598,-0.036747611140461336
-0.07053279528144535,-0.05734696515476664,-0.06896624286752254,-0.06195325829674214,-0.046035033238699785,-0.04923241377780476,-0.07351251069584278,-0.05425290009536072,-0.045792888159679086,-0.07209302319856105,-0.04495399723690076,-0.05313367289117022,-0.070724999313434,-0.04172175961775298,-0.08026993754508154,-0.0675234532294164,-0.06341280852032143,-0.06483368078507089,-0.07179049795443727,-0.043759702526043436,-0.05660053731762912
-0.4141647727774028,-0.35348418925784,-0.35574766005215364,-0.3449088701508652,-0.36158486090500364,-0.3321637147725251,-0.35693972844735966,-0.3540661901722274,-0.350888886032531,-0.32850158963237985,-0.3555356270675845,-0.3263716764510075,-0.33932203393124727,-0.333244226287565,-0.3271408413754136,-0.3540064123362672,-0.34257666836658923,-0.337354168655297,-0.3313660553785295,-0.3341173912888853,-0.3519049606394416
-0.7472529854238276,-0.6288210392150134,-0.6039460011583823,-0.6021830960001159,-0.6283127100619769,-0.612708922794012,-0.6214723744064856,-0.6147125877795541,-0.620307589001705,-0.6167654548239543,-0.6215861778356924,-0.6023907702566724,-0.613894314505253,-0.6153171000935324,-0.5961885504395784,-0.6166271241777236,-0.6116698580142538,-0.611814895326923,-0.6302740697014296,-0.6060163929308201,-0.6261981625086832
-0.06688647813308488,-0.07516249248036207,-0.06310869200732021,-0.0541123518218004,-0.04686451105986421,-0.04156006223657671,-0.04576196484292203,-0.04766784914926284,-0.05015244966430237,-0.04031761508775181,-0.06384442210015326,-0.07249127144589222,-0.05418076920175857,-0.05355412956627001,-0.052775449144771475,-0.0786955502147377,-0.06460213747434217,-0.06549494445754253,-0.054529251976671314,-0.04466656988149585,-0.06217983505061227
-0.636598007798555,-0.5422387727598836,-0.5124653752779075,-0.5180347885492278,-0.5274626918554985,-0.5056489918937626,-0.5409008164502846,-0.5403883508387766,-0.5257924917009005,-0.5037197537860342,-0.5160684811427073,-0.5111929141664232,-0.5143610052575585,-0.5119933157794998,-0.5274684095671078,-0.5161839283471626,-0.5092538269710881,-0.5193578054080389,-0.5217676558214968,-0.5322008963499748,-0.5161121867800513
-0.29215878131724426,-0.23793943774109297,-0.22996069006962758,-0.22644789074735572,-0.23990883369638416,-0.22674170972979024,-0.22464833075718774,-0.2254184111554049,-0.22240429257722372,-0.25759109851172646,-0.23169456185901904,-0.25101864136372387,-0.24776855345744175,-0.22419813996419882,-0.2299993939283405,-0.2560352065501108,-0.22599634641122454,-0.22270829353314997,-0.2450825831494201,-0.22676178640168332,-0.22105176625554152
-0.08238664396246226,-0.08267764204455336,-0.05335689934853907,-0.08499553383896283,-0.07400397373545498,-0.06222544869257108,-0.08683232935831671,-0.06475622167870705,-0.06346820718650581,-0.07261275149806658,-0.08067212957529421,-0.0529170306014572,-0.059192492919270916,-0.05231912564387186,-0.08968268605664018,-0.054290144185029865,-0.08554106715381674,-0.08887075535482038,-0.0529719797089339,-0.06625826834242772,-0.08549187973547297
-0.49249301353482333,-0.41630942415763,-0.38447791928996644,-0.41304685855182316,-0.39891962224602723,-0.4014023594286411,-0.4143621942804931,-0.4138541982094094,-0.4087812493330213,-0.4004239494403517,-0.4206087038464317,-0.41027469233352476,-0.41646224289630934,-0.4015105297932987,-0.41014444178610676,-0.40819840011130143,-0.4040757556166479,-0.4177785078698913,-0.4028803674168816,-0.4184611208238358,-0.4262101101035511
-0.5774669024596196,-0.46147762057335684,-0.45595535010133664,-0.456206908790761,-0.4673537103775728,-0.47257145495853614,-0.4659866701443769,-0.4876766623887986,-0.47576018877799836,-0.4617216538747193,-0.45662145469751936,-0.485766999517158,-0.45437201439568664,-0.48062980404125766,-0.4952953948589446,-0.4872042090462367,-0.4730600101910864,-0.4714254694008216,-0.46888162023225005,-0.46849161119392835,-0.46778393980177524
-0.8881184351318696,-0.738212566615523,-0.7333295793255714,-0.7290889142811005,-0.7242857159802052,-0.7346723410858039,-0.7488351289788121,-0.7303171630374402,-0.7124129454004253,-0.7323368910186425,-0.7256698769386475,-0.7149894459249945,-0.7290633023009733,-0.7136856432082218,-0.7475124357194614,-0.7201648368583977,-0.7106807003531612,-0.7119787395218978,-0.7459711156546162,-0.7097874988851332,-0.7129993214148604
-0.08161213017491938,-0.06850908868707496,-0.06029308018220794,-0.0727189409245765,-0.06898244603460205,-0.0865847002416639,-0.08856906927542155,-0.07650894061085829,-0.07893189504620432,-0.0876141025011297,-0.06682664317992647,-0.06929429886427253,-0.05903093264702113,-0.06896240273930777,-0.06165808115842002,-0.09158516515661143,-0.06991423087973746,-0.05101324211991651,-0.08509565288380841,-0.07115536085302035,-0.07028195078192896
0.0537752257135411,0.017018131735196826,0.020007937881693347,0.018725986994673635,0.03919282498709416,0.02421284323491124,0.0459242453241592,0.013205795362342563,0.014026383623211633,0.024256068793459377,0.023135373251311438,0.009575680038596334,0.021341662567818522,0.038514932597392214,0.04159629021898774,0.03292663322162501,0.014953373349247685,0.03260601145607049,0.017971471869779456,0.02813699852834188,0.034154802835252386
-0.04882785658615861,-0.05507258604844511,-0.03113464425231169,-0.05255083352353203,-0.044957488662647815,-0.05058441647333527,-0.05903393217133666,-0.035606504379884295,-0.024620810263136873,-0.031385899607071235,-0.04012046455911078,-0.026610231845143682,-0.04608312530514686,-0.0357345129918211,-0.03922536764811504,-0.05575362218363886,-0.03829501448115097,-0.04286013217015401,-0.027180839685754393,-0.03303277261733709,-0.042624603467078005
-0.5685287365284395,-0.45531115005183265,-0.4812352423437884,-0.46785583893912763,-0.45563453689023137,-0.4489836459955336,-0.4856517328770682,-0.4856664153414464,-0.4861299177904217,-0.47075881187455115,-0.4596744280593693,-0.4671981741687343,-0.46303711880913195,-0.46389758582406704,-0.4687609428991024,-0.47176291905591156,-0.45398996064143404,-0.4533380811825902,-0.4720607514201608,-0.4540344508463417,-0.48408789975635896
-0.18777296310318922,-0.15039772576644034,-0.14146216987849292,-0.1576120453447856,-0.14988771976773935,-0.16059323317387383,-0.15156359512269055,-0.1556025609589294,-0.16160103913954663,-0.15563795520203924,-0.16000688110228606,-0.17093738909184042,-0.16716284832539707,-0.17274377153327822,-0.14986802807477587,-0.15212561842217706,-0.14909419350168518,-0.1347842531879344,-0.16713149414273226,-0.1650666712811078,-0.1559391145623919
-0.15348573944429,-0.12173523126247361,-0.12208905231971894,-0.11647417383694794,-0.13145042013097152,-0.11413901560540977,-0.14629151695473938,-0.12509329606667768,-0.11708033144044695,-0.13366322109156953,-0.14767547324651706,-0.11309420514363049,-0.12749267276600057,-0.1371038137929632,-0.14035966729702087,-0.1280464756128559,-0.11771599849648776,-0.14023790589230437,-0.11427155768827223,-0.11288566466069037,-0.1466143799354305
-0.23020695833914415,-0.17178709188048194,-0.17699610413137576,-0.20722585344381655,-0.2025282520906199,-0.18570085498008604,-0.18028775550969892,-0.19805545821204198,-0.195067233171017,-0.20202887498461025,-0.20481373196302607,-0.1726043060973196,-0.17340494725295483,-0.2010673432535853,-0.18816990671527797,-0.1991578804048756,-0.19114018652554388,-0.20746891337686052,-0.16941246151873035,-0.18170232579797344,-0.17446012270036795
-0.08590656101757706,-0.05746947534526902,-0.08618895552792435,-0.08106278135257315,-0.07522968849825173,-0.054601693939774876,-0.07071950070875593,-0.05705653551076574,-0.07290316387134359,-0.06028290000531763,-0.06946627348312548,-0.08868465506893307,-0.07070009653148933,-0.08386517230896677,-0.05944436520253397,-0.06155785979914362,-0.059224553118148685,-0.06302772003670273,-0.053646925210495966,-0.06682547474647756,-0.08346774793004871
-0.060248361825184456,-0.05149275295008442,-0.039670594723579526,-0.06006994022132009,-0.03962962222058092,-0.0513006286013175,-0.05576607781481912,-0.055766283887502086,-0.07136664048819963,-0.07337230317447326,-0.03821762407024752,-0.07138632023226513,-0.04986564042472293,-0.05606504222978781,-0.06245030000463698,-0.06035664832351462,-0.03803465930668057,-0.04787666542494118,-0.03797667602134596,-0.06035403973964766,-0.05919954326904584
-0.21501030512464278,-0.16110492772166382,-0.18092587873268556,-0.18751350704966174,-0.1927962002750729,-0.18329146682472733,-0.18661962012881905,-0.16181996002727075,-0.1834724677007181,-0.15722111332461286,-0.1685929220144525,-0.18166047648872996,-0.17952791997681822,-0.17023396838982888,-0.1914952575008128,-0.1648775207257097,-0.1783741602276302,-0.1575605949863022,-0.17249423187012172,-0.19526934275314425,-0.163485194226408
-0.3704765081935426,-0.31789869431024126,-0.2904697155886911,-0.2953958672415492,-0.2883432057601398,-0.3166658629350442,-0.3196204181548117,-0.32329142687949397,-0.31823787259431074,-0.3043310648969955,-0.2926075634481649,-0.31488571119110853,-0.3065848175828206,-0.285432103720926,-0.29996629219346216,-0.31892594488899867,-0.29901910252247793,-0.30167383841220025,-0.31945828744139226,-0.3161035472011362,-0.3162106178484957
-0.28700477867103374,-0.22302252450940582,-0.22589884852543274,-0.23940065572985422,-0.2540318594324499,-0.2172732073265077,-0.2437181816108962,-0.22063749108756278,-0.22294486827622395,-0.22468732820131945,-0.25186451068336463,-0.22912840800106382,-0.24830131123052196,-0.21702618063208845,-0.24642015447419202,-0.22989165591909608,-0.24258216523209833,-0.22147001066772085,-0.23244825768377095,-0.22315905082495976,-0.24050942210392084
-0.09438235694647186,-0.07310543675686924,-0.067355692124105,-0.09742811080100704,-0.10127034929861194,-0.09462051339255641,-0.063891285762996,-0.08996799381586801,-0.07089060537855942,-0.06025429196045522,-0.06499990668704354,-0.09080359744115504,-0.09538527885484392,-0.06965383091774982,-0.0799029430398923,-0.07963735681290778,-0.05935261122453397,-0.0817188744214203,-0.08781936825873872,-0.07596097264395137,-0.09042714025927137
-0.011575214441967777,-0.011198956959643475,-0.007887844192801707,-0.016218528663534862,-0.04079772031786414,-0.03014704510126348,-0.03545733464309706,-0.01647260189454429,-0.0025367476745875722,-0.028712853263841515,-0.008571917545803174,-0.02472341543394757,-0.02518706166233781,-0.034339756487657594,-0.03098819956937661,-0.029158802639502688,-0.0022783252115771997,-0.03267949281035177,-0.019493382176807152,-0.00598624232779661,-0.016077772480715354
-0.18441713956442413,-0.14928168418284252,-0.1389037160720174,-0.14024367732346113,-0.15278257419180621,-0.14112166858102873,-0.15718914689641875,-0.16498802096802187,-0.16919360864184896,-0.13772263047806046,-0.16213289247493912,-0.1320323609540298,-0.15758136681614607,-0.1598758269961538,-0.14165000058427052,-0.16194398118488168,-0.16668281497022588,-0.14360571958259763,-0.15305833561225882,-0.1412674504614385,-0.14224199095361773
-0.2580903914650257,-0.19684727698985574,-0.21765776499001852,-0.2170714164132142,-0.1975254507570064,-0.20698147196576633,-0.21933194163627528,-0.23099314431921705,-0.20954527744095772,-0.21130608537363016,-0.2141273405242412,-0.22035059234034635,-0.21705631481985793,-0.22252034632232487,-0.20012084509848815,-0.2246613930861281,-0.21052623166949225,-0.21160726295917887,-0.2004537484403076,-0.19499287137331345,-0.2275079104664443
-0.005685590950045966,-0.005615102731935601,-0.011945984858558526,0.0011941309200734107,-0.019770452108672964,-0.03142999311374888,-0.0028953453208660175,-0.022428688326776407,-0.029435683383751132,-0.028707588063946493,-0.01739973175776606,-0.024282125476094717,-0.0043154972158402395,-0.009325385774596972,-0.0249989139139535,0.002596274034591636,-0.01842292788885235,-0.0004208037950984406,0.001344715926478383,-0.03100708355332188,-0.008027730685677975
-0.13148082609143968,-0.10019599565510624,-0.11119860247751882,-0.11234020804652409,-0.09371286784253932,-0.12555622548234974,-0.08910148772687955,-0.10337774683944555,-0.09390970196885018,-0.11773681435214173,-0.09938676988609782,-0.11550350355252323,-0.11007271806946414,-0.10244086627439516,-0.09583199744125692,-0.1090416751298661,-0.10604781970272467,-0.12364553488966556,-0.10392107017299358,-0.12719474253126398,-0.09913828512986511
-0.1904784931521451,-0.16419430684343897,-0.1743090407124278,-0.16189664178503185,-0.14376437426299823,-0.14584851574934252,-0.16377457068598214,-0.16775805927361878,-0.1554380820868278,-0.13798275587008438,-0.17383642357780887,-0.14238339792374474,-0.1342932682092844,-0.16947033887627466,-0.15880674655059707,-0.17371256383321962,-0.16882457252319846,-0.1364902467664218,-0.17117184403066102,-0.15152360457406433,-0.17107681604626865
-0.2245219502695055,-0.1714294530927343,-0.19788854137324988,-0.1695682465422647,-0.195640914160536,-0.193042794860571,-0.19056874823138129,-0.2016344315762847,-0.17158726643896444,-0.17982108472540131,-0.17323655748859532,-0.17325259371810037,-0.19269986824430013,-0.18175647687382734,-0.1651103561199146,-0.17516354940817563,-0.1651780170380256,-0.18821737506712438,-0.17086318044521107,-0.16893353472633071,-0.1845309164110894
-0.10116760945279142,-0.07139148358255125,-0.09468923915819065,-0.09234179788961958,-0.07398735577428191,-0.09657874264192887,-0.07230887085932733,-0.06683409055457155,-0.07895167434530126,-0.08575852732193942,-0.06866606893476168,-0.08734458997107467,-0.07998054105936031,-0.09508802165742353,-0.10130904094039951,-0.10487380870940582,-0.06441796548899106,-0.0651574168874169,-0.09103816457934277,-0.08823739707865991,-0.07594467189954847
-0.2795362224014869,-0.2226670771339626,-0.22164038932868474,-0.23079838085678578,-0.2174370538849887,-0.2210024403547768,-0.21140692883032092,-0.2222262657240178,-0.23643571804771388,-0.22783138410068382,-0.24689001265234287,-0.23187440534658066,-0.24022185071776603,-0.20939659563858756,-0.22557393090259392,-0.22202719105566585,-0.2235053191227352,-0.2423323282968016,-0.22620280859986255,-0.24594453450799506,-0.23472460928261432
-0.3653822750820047,-0.2849406078260614,-0.286252718932734,-0.27914363951526144,-0.2983134513860793,-0.30811945217243497,-0.28974452971074366,-0.2802247218035995,-0.2844077195554555,-0.28870064992285904,-0.2933243563701141,-0.3068343060661727,-0.29932214669335955,-0.31864736588412584,-0.3094146654556186,-0.29493156868883963,-0.3003855708421762,-0.2808361707577616,-0.29279999038306115,-0.3121362494045822,-0.28359557478968883
-0.2991047947023898,-0.24302917417114223,-0.2399389787422207,-0.23491025904402751,-0.25752185019640117,-0.2545747611928805,-0.23359966079805167,-0.2566183739749554,-0.2482872558378424,-0.25833414464991933,-0.2501609607958101,-0.22903567338795255,-0.23287054845689173,-0.2501432319706631,-0.25412022432442255,-0.2511189676272919,-0.2399630375749245,-0.23610925999282034,-0.2497987137972808,-0.252057564245017,-0.24456970053203256
-0.1620224148845318,-0.12203242462525787,-0.12256282830947723,-0.12170906980142472,-0.15055172170000852,-0.14796847831866244,-0.11996513769180041,-0.14919733530958015,-0.11779275296503665,-0.1481761798386251,-0.14819513562173814,-0.15290905216470863,-0.14809331662606756,-0.14167855080257005,-0.12147551637257721,-0.13491908219669474,-0.1276876685131765,-0.12117338618135826,-0.1470216905055144,-0.1296723569418773,-0.11929826480348814
-0.16991789018856993,-0.1481699339656515,-0.12288583805175643,-0.1203176574888146,-0.13221867886254965,-0.15150780010088286,-0.12586693484855863,-0.12836505283402916,-0.12284795852934739,-0.1459349047115175,-0.1585754253724203,-0.12320928779126157,-0.1344862838055013,-0.1459659149889987,-0.12326346446092352,-0.15601862509478884,-0.15607876903210338,-0.1584086580714976,-0.12236711678143708,-0.12543027496481315,-0.13063445038589352
-0.29128718997258274,-0.2466394773674458,-0.25575753488386194,-0.22947029673045025,-0.23027424986508815,-0.22573757003424208,-0.24005227651690772,-0.25294260415256836,-0.2508016047828001,-0.22780077893296602,-0.25755634166907737,-0.2249114918054979,-0.22311940320291446,-0.2563331750396479,-0.24581836478126773,-0.2506801450245751,-0.25622715206579366,-0.2190707919966033,-0.23543759317753793,-0.2402418467302632,-0.22777948347002158
-0.22437365112643615,-0.16679165668014792,-0.17742026906670877,-0.18532040086151622,-0.20682699880736993,-0.178385674722347,-0.19902387252670814,-0.20230561367957867,-0.16386657738623314,-0.19053390938929685,-0.19331712654771113,-0.19975094371876956,-0.17664384959509483,-0.1848387369791118,-0.19613803940621297,-0.19957311817394796,-0.18523515777128657,-0.2013447264105807,-0.18558386450813982,-0.200544029409641,-0.17464157094992802
-0.07847294070582715,-0.06393162760584592,-0.07796715172011581,-0.056346726225063315,-0.05268063092130916,-0.08323740161469317,-0.06768392133413377,-0.06498153917038281,-0.07430512447655419,-0.04834388773442545,-0.05451419502884643,-0.05850985252146939,-0.04542977326187799,-0.08673379209465393,-0.05588425959878373,-0.06570265133889665,-0.07271960930964692,-0.04833658417753546,-0.06867442733329056,-0.08497726760428514,-0.0611938222127837
-0.4124381768223934,-0.3579983818311582,-0.3279597337619363,-0.35786023808735934,-0.32472473792856554,-0.34092742823467515,-0.3596355808440351,-0.325490073501807,-0.3356253467407244,-0.33289056257919974,-0.3470644522630734,-0.33524275233312234,-0.3207966412200943,-0.3305816588407698,-0.32664414899732874,-0.35340735290335124,-0.3225265874710924,-0.3458492614024961,-0.31886011710354856,-0.3501817988406244,-0.360237228335713
-0.028642444015088878,-0.015459898788681006,-0.022018836388577878,-0.027175332122452846,-0.020618129534665252,-0.044577051789411924,-0.018521387721397393,-0.01074142413238863,-0.04913763549668631,-0.04720449553164665,-0.03789300376091698,-0.04937406016784784,-0.010330048708721283,-0.03256740407790499,-0.04114012227689663,-0.012246457742988843,-0.04291535740585814,-0.03388173386798496,-0.03654293884585531,-0.046685350312664506,-0.04871806439840844
-0.3412349988136328,-0.2864168351865297,-0.27568666785263346,-0.26912074626408944,-0.2795905120697026,-0.27586115229605207,-0.29906072523914845,-0.2818249990905044,-0.2780265238466143,-0.26616712699658246,-0.2685114127671214,-0.27006675422891835,-0.2709499523249306,-0.28609244132906303,-0.28287752199719746,-0.2959370114134447,-0.2935227985974901,-0.28304518922966676,-0.270961584192919,-0.26765484366122416,-0.2975312708450464
-0.13765578422020028,-0.09587832794438933,-0.09442594894838792,-0.13161852111427338,-0.09822136631843095,-0.10429923127167011,-0.12497830827261089,-0.09834811190665303,-0.1048485909992994,-0.11558647030192915,-0.11636339281283539,-0.09758994291307688,-0.12214394444510177,-0.09594544673885212,-0.11924626142741436,-0.1231207204155512,-0.12789808915477868,-0.11570054351450297,-0.12590801971144747,-0.1178802798581331,-0.1238729560358767
-0.3095331186735931,-0.2582165296949817,-0.2694125476579464,-0.266501707189609,-0.2594173714030962,-0.2516173333375253,-0.2589754750134386,-0.2478783708515667,-0.263031240364725,-0.2624677061362459,-0.26949892169662143,-0.2645699109023488,-0.24563450779920729,-0.247587047343132,-0.26821159006539225,-0.2585477935392595,-0.2708898289512345,-0.24600549649921216,-0.24837012124558808,-0.2471563428864468,-0.2402652452090521
-0.21731405287583205,-0.18780910010408852,-0.19643122051241332,-0.16933733084232652,-0.16278534756682436,-0.1664765963180966,-0.18420027024433447,-0.19713817105053655,-0.16121469331956648,-0.18623569728339762,-0.17163890624603625,-0.17464492425843228,-0.1721402594401669,-0.17149193345703748,-0.19534396927189895,-0.17943601464673245,-0.17027089269582335,-0.16146028884086733,-0.16912946502385615,-0.1784058121386452,-0.197951387339691
-0.3875552503873573,-0.32079777223176664,-0.30582951662960045,-0.32446464740748077,-0.3375107354240287,-0.33525937280450163,-0.3255949684313485,-0.30906014565779105,-0.33453015651307283,-0.3105483277940435,-0.3348625654086213,-0.31909850882548707,-0.3275437946611908,-0.3153575766777765,-0.326133598562762,-0.32435798675487293,-0.33196892882664764,-0.33628157528405167,-0.3320932289337973,-0.3196225118760369,-0.31077021794077525
-0.18651708567139935,-0.16351867972142042,-0.14408087559947186,-0.1611839520209381,-0.1630684286742381,-0.17210735297190694,-0.140513462102951,-0.1616704139602739,-0.1667033664025311,-0.16477377697711904,-0.1462472442274702,-0.1382987978989303,-0.16052483878485554,-0.1468452403874117,-0.1606510433945443,-0.14605927691539888,-0.16176139730540853,-0.1648433801530221,-0.1690221936227262,-0.14747992482075875,-0.16417546514172063
-0.04539276111972892,-0.042029018750455845,-0.03509226061886261,-0.044694122711712275,-0.029988600983122577,-0.029977754238044056,-0.028093880383022445,-0.05870959486814699,-0.04960223895569024,-0.028558148606333128,-0.04418026411984116,-0.030838591962365013,-0.05372420422080051,-0.06083645958022178,-0.03149438436575485,-0.033849971480103346,-0.04975015847689467,-0.023809244342101184,-0.06110902598618134,-0.05043896035946468,-0.054235647055263306
-0.49468426423405454,-0.39320030511765885,-0.40099914931305786,-0.4062397567104976,-0.4181229453195639,-0.40092203382798214,-0.42528345267744083,-0.3876136342165125,-0.39537100984083606,-0.4236803799510624,-0.39860204575773484,-0.3889875903943399,-0.41943375429805935,-0.4032613468222996,-0.4053323192346559,-0.41411129722272527,-0.4229469843602843,-0.4119737839545473,-0.4135124216087973,-0.4180057860610183,-0.42178271675840073
-0.0569500084012632,-0.0463219788571695,-0.06706496047179727,-0.03234730492738982,-0.05663713342879212,-0.049054170143197115,-0.06771977853728231,-0.055050609442995196,-0.03620062969535756,-0.03138375063670495,-0.0458071289910631,-0.06294572077225043,-0.05012199415866083,-0.06719705686868935,-0.0418172187326377,-0.03699275330498769,-0.06451340916726056,-0.06048838703502498,-0.06341634555821923,-0.03907901864195615,-0.06185246208035281
-0.05464261882037341,-0.05650268083065753,-0.060702847404409586,-0.041190731405854185,-0.06111673819196337,-0.048944931052201046,-0.05429190369705008,-0.038265793129037586,-0.040120071739094716,-0.06949750285218792,-0.039413026213261794,-0.03307341898305994,-0.058852181909239014,-0.061715262551838,-0.03918642443792755,-0.04050075487428414,-0.0406842559564585,-0.04393592648016207,-0.06586146509776745,-0.05601274524898624,-0.033983289459425525
-0.1807784433484878,-0.15478985914035923,-0.14492814315094352,-0.1616306918780476,-0.14155879625474077,-0.1357816312054283,-0.152076091360005,-0.13782079331487904,-0.1329462875415436,-0.14909113137589927,-0.1501009178673024,-0.13941745205544542,-0.13447631144240932,-0.1516225442081171,-0.14235087808972724,-0.151612536790141,-0.13089561771911518,-0.15256220577234667,-0.14954667042807657,-0.16051697259462128,-0.15265397724372737
-0.0755748195651214,-0.07589400189949173,-0.07952354633099869,-0.0451999658792227,-0.08372075597533744,-0.04529600698158126,-0.06774817243172473,-0.06929366596625422,-0.04956051150852552,-0.059071197665196966,-0.06261932949311805,-0.06689099324141799,-0.0743457831524942,-0.0847202336358488,-0.07689960585011808,-0.07932175942539456,-0.054088902292675864,-0.055495178478362085,-0.0692923857598793,-0.055032643774155864,-0.06348840341746018
-0.0903279831605508,-0.08507852604856049,-0.06689033517678,-0.06391792795323385,-0.06508757169077224,-0.08968385788310097,-0.06785452818048301,-0.06610255023934088,-0.08126759750042079,-0.07261510617948931,-0.08614420309518969,-0.06905026352047584,-0.05921494292430273,-0.060499401888722375,-0.06802379317086076,-0.06372601006000429,-0.07147310309493266,-0.06987727542787127,-0.09442843215016829,-0.08165792649226157,-0.09754300812411204
-0.08855769957909287,-0.08314017711658539,-0.06392786995551691,-0.08677125427973824,-0.07791474082858049,-0.06976333094579162,-0.06127551727050527,-0.06729902981652175,-0.06645704430617586,-0.058750332400058024,-0.08854148152607628,-0.06586171291136253,-0.07105554758649162,-0.06706391180205894,-0.05826923129443068,-0.07146775619472322,-0.0639542289090079,-0.08184129267126741,-0.0601460630422531,-0.08437271855064568,-0.08625909518971153
-0.14690766402013783,-0.11576802936686063,-0.10143458373620728,-0.12377387649652234,-0.14180218474017872,-0.13533842000366816,-0.10967659031195011,-0.13505151105214994,-0.12114540451330111,-0.13987642678767984,-0.10824192639529828,-0.12097483581867,-0.13687944038074681,-0.10803134883065299,-0.11920514486800267,-0.11071890093031382,-0.13034459651405275,-0.13946860654558413,-0.13787001287913808,-0.11178119934664585,-0.1322157732305638
-0.27500902567151747,-0.22557420406275752,-0.21508465557531525,-0.22994179993883146,-0.24249826171896594,-0.22908317750716606,-0.2061486696346899,-0.24514276081572697,-0.22238537054945967,-0.20569121176012556,-0.2205823684497665,-0.2373624625369997,-0.22667551026354885,-0.2078687030642048,-0.20984710246928642,-0.2084180737766024,-0.2068648552461811,-0.22945884905952282,-0.21317643281583631,-0.21758493753795607,-0.21323297996930973
-0.7314735964100917,-0.6209446421876629,-0.5862925543688999,-0.6020816728748768,-0.5998828441510728,-0.5843889187545497,-0.5982395699023834,-0.6076206543283735,-0.6168372963288732,-0.5965583574077765,-0.6051807955450179,-0.609327687867681,-0.5929582077607723,-0.6042541616756962,-0.6119318418007905,-0.5956190407673756,-0.5901686731694139,-0.5835855114247835,-0.5938963959374108,-0.5780854592440319,-0.6023337198062731
-0.3015776430139429,-0.2437405534200678,-0.26268446334631734,-0.2323049876433237,-0.2531881793315932,-0.23436665776026433,-0.254573789789339,-0.25698036724829215,-0.25085186267184095,-0.23733273703696686,-0.23022948517083644,-0.24382974610415323,-0.24099415206234218,-0.26635748194274,-0.24393227935701692,-0.2682888690865502,-0.2295824997953553,-0.24572347487432394,-0.2551143912072893,-0.22788675301659853,-0.25715824448447927
-0.09029913458617365,-0.08684004351984448,-0.06676360686290293,-0.09200033244151021,-0.07153870127346701,-0.0891969519120788,-0.05898521400940219,-0.06135563406605284,-0.05693626817174295,-0.0785109369628984,-0.08314948187194997,-0.076926990832287,-0.060459090604002994,-0.09275370741679383,-0.09662829168801673,-0.09410359855073529,-0.07588251259238947,-0.09216077818252322,-0.07425478738146195,-0.08672615782667008,-0.07589756837527198
-0.28749803673615615,-0.23773894790180103,-0.22293798446158683,-0.23561621316064021,-0.2382048464127427,-0.2522446414149081,-0.22665810454356144,-0.24162658440261905,-0.228071941613801,-0.23698655240735275,-0.2318221868825532,-0.24768793426599733,-0.24173881002133088,-0.23499563406898566,-0.231911619207552,-0.23687323307560554,-0.2507778482465778,-0.23199554025663274,-0.24178002147698277,-0.22381599379357411,-0.23675781189190886
-0.13789295004915866,-0.11951208050875138,-0.09343883522026533,-0.12312885022375586,-0.10920096422080644,-0.10894529896349056,-0.13431348247317965,-0.10028091934478275,-0.1339475006807264,-0.1199349945005884,-0.13496815269693305,-0.09553695947269022,-0.09652938437514147,-0.13214211504788637,-0.12209595132218723,-0.1189835437184399,-0.09919947994732116,-0.13099059597857907,-0.1276405532096149,-0.11139891743567573,-0.10975471854925453
-0.1349537627317744,-0.1213971463239801,-0.11480784882147634,-0.1060039823011102,-0.09686617487330916,-0.10942659958978253,-0.12461882563552504,-0.12544694420509023,-0.11276742768253098,-0.11423563130347401,-0.11515840332236742,-0.11042852744014994,-0.08996050568212949,-0.09550637518070512,-0.09842509274478604,-0.11640579413121081,-0.10040745726177738,-0.10852391080815159,-0.12928960187560443,-0.11412795033442502,-0.10239631452234585
